,FEDFUNDS,CPI_INFLATION,GS10,SP500_RETURN,VIX,regime,regime_name
1990-02-28,8.24,0.0039215686274509,8.47,0.0085027913544831,21.989999771118164,1,stressed
1990-03-31,8.28,0.0046874999999999,8.59,0.0239655057797279,19.729999542236328,0,calm
1990-04-30,8.26,0.0023328149300156,8.79,-0.0272552123830893,19.520000457763672,0,calm
1990-05-31,8.18,0.0015515903801395,8.76,0.0880009787379116,17.3700008392334,0,calm
1990-06-30,8.29,0.0061967467079784,8.48,-0.0089260849102096,15.5,0,calm
1990-07-31,8.15,0.0046189376443417,8.47,-0.0052368467888153,21.11000061035156,1,stressed
1990-08-31,8.13,0.0084291187739462,8.75,-0.0990628154127713,29.899999618530273,1,stressed
1990-09-30,8.2,0.0068389057750759,8.89,-0.0525407104627689,29.11000061035156,1,stressed
1990-10-31,8.11,0.0067924528301888,8.72,-0.0067207460051146,30.040000915527344,2,crisis
1990-11-30,7.81,0.0022488755622187,8.39,0.0582068444450338,22.15999984741211,1,stressed
1990-12-31,7.31,0.0037397157816005,8.08,0.0245245568490667,26.3799991607666,1,stressed
1991-01-31,6.91,0.003725782414307,8.09,0.0406790242987477,20.90999984741211,1,stressed
1991-02-28,6.25,0.0007423904974017,7.85,0.065114458515776,21.229999542236328,1,stressed
1991-03-31,6.12,0.0,8.11,0.0219599383539182,16.8799991607666,0,calm
1991-04-30,5.91,0.0022255192878337,8.04,0.000319748237583,18.239999771118164,0,calm
1991-05-31,5.78,0.0037009622501851,8.07,0.0378784401054396,15.93000030517578,0,calm
1991-06-30,5.9,0.0029498525073747,8.28,-0.0490774658601491,19.549999237060547,0,calm
1991-07-31,5.82,0.0014705882352941,8.27,0.043882276316961,15.18000030517578,0,calm
1991-08-31,5.66,0.0029368575624082,7.9,0.0194582392017224,14.460000038146973,0,calm
1991-09-30,5.45,0.0029282576866764,7.65,-0.0193293498695597,15.850000381469728,0,calm
1991-10-31,5.21,0.0014598540145984,7.53,0.0117647596767396,15.479999542236328,0,calm
1991-11-30,4.81,0.0043731778425657,7.42,-0.0448966478087366,20.260000228881836,1,stressed
1991-12-31,4.43,0.0029027576197386,7.09,0.1057894932006552,19.309999465942383,0,calm
1992-01-31,4.03,0.0007235890014474,7.03,-0.0201249060419983,17.399999618530273,0,calm
1992-02-29,4.06,0.002169197396963,7.34,0.0095438553095764,16.68000030517578,0,calm
1992-03-31,3.98,0.0036075036075036,7.54,-0.0220737036066379,16.18000030517578,0,calm
1992-04-30,3.73,0.0021567217828901,7.48,0.0275107977321741,15.529999732971191,0,calm
1992-05-31,3.82,0.0021520803443326,7.39,0.0009634925174195,13.859999656677246,0,calm
1992-06-30,3.76,0.0028632784538296,7.26,-0.0175112642882969,13.350000381469728,0,calm
1992-07-31,3.25,0.0028551034975017,6.84,0.0386183068038767,13.170000076293944,0,calm
1992-08-31,3.3,0.0021352313167259,6.59,-0.0242901634758197,13.579999923706056,0,calm
1992-09-30,3.22,0.0021306818181816,6.42,0.0090643878853475,14.279999732971191,0,calm
1992-10-31,3.1,0.0042523033309709,6.59,0.0021040675880259,16.149999618530273,0,calm
1992-11-30,3.09,0.0028228652081863,6.87,0.0298129521792992,13.010000228881836,0,calm
1992-12-31,2.92,0.0014074595355384,6.77,0.0100570251483202,12.56999969482422,0,calm
1993-01-31,3.02,0.0035137034434293,6.6,0.0070212809081691,12.420000076293944,0,calm
1993-02-28,3.03,0.0021008403361342,6.26,0.0104290554496347,13.15999984741211,0,calm
1993-03-31,3.07,0.0013976240391335,5.98,0.0185246532428304,12.529999732971191,0,calm
1993-04-30,2.96,0.0034891835310537,5.97,-0.0257453969876002,12.420000076293944,0,calm
1993-05-31,3.0,0.002781641168289,6.04,0.0224632638651839,13.470000267028809,0,calm
1993-06-30,3.04,0.0006934812760057,5.96,0.0007549434975973,11.260000228881836,0,calm
1993-07-31,3.06,0.0013860013860012,5.81,-0.0053412850077939,11.729999542236328,0,calm
1993-08-31,3.03,0.002076124567474,5.68,0.0338524414108163,11.850000381469728,0,calm
1993-09-30,3.09,0.0013812154696131,5.36,-0.010038144175098,12.989999771118164,0,calm
1993-10-31,2.99,0.0041379310344826,5.33,0.0192072763372997,11.460000038146973,0,calm
1993-11-30,3.02,0.0027472527472527,5.72,-0.0129946925677408,13.760000228881836,0,calm
1993-12-31,2.96,0.002054794520548,5.77,0.010040598783039,11.65999984741211,0,calm
1994-01-31,3.05,0.0,5.75,0.0319837679060372,10.630000114440918,0,calm
1994-02-28,3.25,0.0027341079972658,5.97,-0.0305055975160481,14.869999885559082,0,calm
1994-03-31,3.34,0.0027266530334015,6.48,-0.0468259306764003,20.450000762939453,1,stressed
1994-04-30,3.56,0.0006798096532969,6.97,0.0114646718785666,13.770000457763672,0,calm
1994-05-31,4.01,0.0020380434782609,7.18,0.0123209288658235,13.029999732971191,0,calm
1994-06-30,4.25,0.0027118644067796,7.1,-0.0271562390464461,14.970000267028809,0,calm
1994-07-31,4.26,0.0033806626098715,7.3,0.031004268952847,11.130000114440918,0,calm
1994-08-31,4.47,0.0040431266846361,7.24,0.0369091007906362,11.970000267028809,0,calm
1994-09-30,4.73,0.002013422818792,7.46,-0.0272453412439974,14.279999732971191,0,calm
1994-10-31,4.76,0.000669792364367,7.74,0.0206197596486758,14.5600004196167,0,calm
1994-11-30,5.29,0.0026773761713521,7.96,-0.0403060983247587,15.949999809265137,0,calm
1994-12-31,5.45,0.002002670226969,7.81,0.0122240976788351,13.199999809265137,0,calm
1995-01-31,5.53,0.0026648900732844,7.78,0.0239876927407221,11.960000038146973,0,calm
1995-02-28,5.92,0.00265780730897,7.47,0.0354387127748152,11.75,0,calm
1995-03-31,5.98,0.0019880715705764,7.2,0.0269624201036424,13.369999885559082,0,calm
1995-04-30,6.05,0.0039682539682541,7.06,0.0275766038428389,11.75,0,calm
1995-05-31,6.01,0.0019762845849802,6.63,0.0356679795657248,12.850000381469728,0,calm
1995-06-30,6.0,0.0019723865877712,6.17,0.0210553163061704,11.380000114440918,0,calm
1995-07-31,5.85,0.0013123359580051,6.28,0.0312816275925121,13.489999771118164,0,calm
1995-08-31,5.74,0.0019659239842726,6.49,-0.0003202887643984,11.520000457763672,0,calm
1995-09-30,5.8,0.001308044473512,6.2,0.0393144326915886,12.739999771118164,0,calm
1995-10-31,5.76,0.0026126714565644,6.04,-0.0049917733857125,13.829999923706056,0,calm
1995-11-30,5.8,0.001302931596091,5.93,0.0402288613213516,11.579999923706056,0,calm
1995-12-31,5.6,0.0013012361743658,5.71,0.0172934755413949,12.520000457763672,0,calm
1996-01-31,5.56,0.0051981806367771,5.65,0.0320967312736511,12.529999732971191,0,calm
1996-02-29,5.22,0.0019392372333548,5.81,0.0069097742152322,17.040000915527344,0,calm
1996-03-31,5.31,0.0032258064516128,6.27,0.007885395976348,18.8799991607666,0,calm
1996-04-30,5.22,0.0038585209003214,6.51,0.0133420201057064,15.829999923706056,0,calm
1996-05-31,5.24,0.0019218449711724,6.74,0.0225961785505006,16.06999969482422,0,calm
1996-06-30,5.27,0.0019181585677747,6.91,0.0022541674267919,13.68000030517578,0,calm
1996-07-31,5.4,0.001914486279515,6.87,-0.0468275089929191,19.459999084472656,0,calm
1996-08-31,5.22,0.0012738853503184,6.64,0.0186391420307611,17.010000228881836,0,calm
1996-09-30,5.3,0.0031806615776082,6.83,0.0527853416930763,16.950000762939453,0,calm
1996-10-31,5.24,0.0031705770450221,6.53,0.0257661848107202,18.11000061035156,0,calm
1996-11-30,5.31,0.0031605562579013,6.2,0.0708089630565467,17.139999389648438,0,calm
1996-12-31,5.29,0.0025204788909893,6.3,-0.0217400256201896,20.920000076293945,1,stressed
1997-01-31,5.25,0.0018856065367693,6.58,0.0595106265461695,19.469999313354492,0,calm
1997-02-28,5.19,0.0018820577164364,6.42,0.005910091189056,21.100000381469727,1,stressed
1997-03-31,5.39,0.0006261740763933,6.69,-0.0435486361821428,22.13999938964844,1,stressed
1997-04-30,5.51,0.0006257822277846,6.89,0.0567636050323618,20.059999465942383,1,stressed
1997-05-31,5.5,0.0,6.71,0.0569254445745235,19.190000534057617,0,calm
1997-06-30,5.56,0.0018761726078797,6.49,0.0425350366289038,21.530000686645508,1,stressed
1997-07-31,5.52,0.0012484394506866,6.22,0.0752427225584924,21.479999542236328,1,stressed
1997-08-31,5.54,0.0024937655860348,6.3,-0.0591828952940651,24.760000228881836,1,stressed
1997-09-30,5.54,0.0024875621890545,6.21,0.0517890825490749,22.90999984741211,1,stressed
1997-10-31,5.5,0.0018610421836229,6.03,-0.0350860778207731,35.09000015258789,2,crisis
1997-11-30,5.52,0.0012383900928791,5.88,0.0436214533803277,27.43000030517578,1,stressed
1997-12-31,5.5,0.0006184291898578,5.81,0.0156091381815246,24.010000228881836,1,stressed
1998-01-31,5.56,0.0012360939431395,5.54,0.0100990103368634,21.469999313354492,1,stressed
1998-02-28,5.51,0.0,5.57,0.0680783664885876,18.549999237060547,0,calm
1998-03-31,5.49,0.0,5.65,0.0487384622054994,24.219999313354492,1,stressed
1998-04-30,5.45,0.0012345679012344,5.64,0.0090355256687094,21.18000030517578,1,stressed
1998-05-31,5.49,0.0024660912453762,5.65,-0.0190056926596579,21.31999969482422,1,stressed
1998-06-30,5.56,0.0012300123001232,5.5,0.0386804139824303,19.709999084472656,0,calm
1998-07-31,5.54,0.0024570024570023,5.46,-0.0116833117841352,24.799999237060547,1,stressed
1998-08-31,5.55,0.0012254901960784,5.34,-0.1575860786834315,44.279998779296875,2,crisis
1998-09-30,5.51,0.000611995104039,4.81,0.0605262781981877,40.95000076293945,2,crisis
1998-10-31,5.07,0.002446483180428,4.53,0.0772334378916789,28.049999237060547,1,stressed
1998-11-30,4.83,0.0012202562538132,4.83,0.0574440362046962,26.010000228881836,1,stressed
1998-12-31,4.68,0.0018281535648996,4.65,0.054843507646719,24.420000076293945,1,stressed
1999-01-31,4.63,0.001824817518248,4.72,0.0401908586154822,26.25,1,stressed
1999-02-28,4.76,0.0,5.0,-0.0328151376002514,27.8799991607666,1,stressed
1999-03-31,4.81,0.0006071645415908,5.23,0.0380606322589118,23.260000228881836,1,stressed
1999-04-30,4.74,0.0066747572815533,5.18,0.0372418599721307,25.06999969482422,1,stressed
1999-05-31,4.74,0.0006027727546713,5.54,-0.0252875323361149,25.38999938964844,1,stressed
1999-06-30,4.76,0.0,5.9,0.053008237590088,21.09000015258789,1,stressed
1999-07-31,4.99,0.0042168674698794,5.79,-0.0325708089457425,24.63999938964844,1,stressed
1999-08-31,5.07,0.0023995200959807,5.94,-0.0062737304431889,24.450000762939453,1,stressed
1999-09-30,5.22,0.0041891083183722,5.92,-0.0289673234211002,25.40999984741211,1,stressed
1999-10-31,5.2,0.0017878426698449,6.11,0.0606618366085531,22.200000762939453,1,stressed
1999-11-30,5.42,0.0017846519928614,6.03,0.0188824579615932,24.18000030517578,1,stressed
1999-12-31,5.3,0.002375296912114,6.28,0.0562327750451049,24.63999938964844,1,stressed
2000-01-31,5.45,0.0029620853080569,6.66,-0.05224485096542,24.950000762939453,1,stressed
2000-02-29,5.73,0.0041346721795627,6.52,-0.0203130024369014,23.3700008392334,1,stressed
2000-03-31,5.85,0.0058823529411764,6.26,0.0923237506366766,24.11000061035156,1,stressed
2000-04-30,6.02,-0.0005847953216373,5.99,-0.0312799109533902,26.200000762939453,1,stressed
2000-05-31,6.27,0.0017554125219425,6.44,-0.0221587523957555,23.649999618530273,1,stressed
2000-06-30,6.53,0.0058411214953271,6.1,0.0236516315584323,19.540000915527344,0,calm
2000-07-31,6.54,0.0029036004645761,6.05,-0.0164762671934852,20.739999771118164,1,stressed
2000-08-31,6.5,0.0,5.83,0.0589282236915325,16.84000015258789,0,calm
2000-09-30,6.52,0.0052113491603937,5.8,-0.0549663208767474,20.56999969482422,1,stressed
2000-10-31,6.51,0.0017281105990785,5.74,-0.0049617746918859,23.6299991607666,1,stressed
2000-11-30,6.51,0.0017251293847038,5.72,-0.083456187923591,29.649999618530273,1,stressed
2000-12-31,6.4,0.002296211251435,5.24,0.0040452525456847,26.850000381469727,1,stressed
2001-01-31,5.98,0.0057273768613974,5.16,0.0340502314092609,22.020000457763672,1,stressed
2001-02-28,5.49,0.0022779043280183,5.1,-0.0968311448208673,28.350000381469727,1,stressed
2001-03-31,5.31,0.0005681818181817,4.89,-0.0663585345479358,28.63999938964844,1,stressed
2001-04-30,4.8,0.0017035775127769,5.14,0.0740070171655906,25.479999542236328,1,stressed
2001-05-31,4.21,0.0051020408163264,5.39,0.005077276192499,22.63999938964844,1,stressed
2001-06-30,3.97,0.0022560631697685,5.28,-0.0253541054918207,19.059999465942383,0,calm
2001-07-31,3.77,-0.0016882386043892,5.24,-0.0107982413190252,21.6200008392334,1,stressed
2001-08-31,3.65,0.0,4.97,-0.0662556285291686,24.920000076293945,1,stressed
2001-09-30,3.07,0.0039458850056368,4.73,-0.0852566327694199,31.93000030517578,2,crisis
2001-10-31,2.49,-0.0028074115665356,4.57,0.0179372722626829,33.560001373291016,2,crisis
2001-11-30,2.09,-0.000563063063063,4.65,0.0724842799367107,23.84000015258789,1,stressed
2001-12-31,1.82,-0.0005633802816901,5.09,0.0075452966090378,23.799999237060547,1,stressed
2002-01-31,1.73,0.0016910935738443,5.04,-0.0156963785927956,21.09000015258789,1,stressed
2002-02-28,1.74,0.0016882386043894,4.91,-0.0209848611197933,21.59000015258789,1,stressed
2002-03-31,1.73,0.002808988764045,5.28,0.036080106667215,17.399999618530273,0,calm
2002-04-30,1.75,0.0044817927170868,5.21,-0.0633846547446828,21.90999984741211,1,stressed
2002-05-31,1.75,0.0011154489682096,5.16,-0.0091229693767845,19.979999542236328,0,calm
2002-06-30,1.75,0.0005571030640667,4.93,-0.0752143496031787,25.399999618530273,1,stressed
2002-07-31,1.73,0.0022271714922048,4.65,-0.0822998845936379,32.029998779296875,2,crisis
2002-08-31,1.74,0.0027777777777777,4.26,0.0048695577417693,32.63999938964844,2,crisis
2002-09-30,1.75,0.0016620498614958,3.87,-0.1165611405083879,39.689998626708984,2,crisis
2002-10-31,1.75,0.0022123893805308,3.94,0.0829143961191542,31.13999938964844,2,crisis
2002-11-30,1.34,0.0016556291390728,4.05,0.0555005710434994,27.5,1,stressed
2002-12-31,1.24,0.0016528925619836,4.03,-0.0622292661977205,28.6200008392334,1,stressed
2003-01-31,1.24,0.0044004400440043,4.05,-0.0277974877305516,31.170000076293945,2,crisis
2003-02-28,1.26,0.0054764512595837,3.9,-0.0171498294997661,29.6299991607666,1,stressed
2003-03-31,1.25,0.0016339869281045,3.81,0.0083228365929884,29.149999618530273,1,stressed
2003-04-30,1.26,-0.0038064165307233,3.96,0.077927340026379,21.209999084472656,1,stressed
2003-05-31,1.26,-0.0016375545851528,3.57,0.0496457119978259,19.469999313354492,0,calm
2003-06-30,1.22,0.0010934937124111,3.33,0.011258598140629,19.520000457763672,0,calm
2003-07-31,1.01,0.0032768978700163,3.98,0.0160935040134788,19.489999771118164,0,calm
2003-08-31,1.03,0.004354926510615,4.45,0.017715355943955,18.6299991607666,0,calm
2003-09-30,1.01,0.0032520325203251,4.27,-0.0120162716714291,22.719999313354492,1,stressed
2003-10-31,1.01,-0.0010804970286331,4.29,0.0535042607031232,16.100000381469727,0,calm
2003-11-30,1.0,0.0005408328826392,4.3,0.0071032163906625,16.31999969482422,0,calm
2003-12-31,0.98,0.0027027027027026,4.27,0.0495189849711049,18.309999465942383,0,calm
2004-01-31,1.0,0.0043126684636118,4.15,0.0171288470577149,16.6299991607666,0,calm
2004-02-29,1.01,0.0021470746108425,4.08,0.0121350453361058,14.550000190734863,0,calm
2004-03-31,1.0,0.0021424745581146,3.83,-0.0164942041786425,16.739999771118164,0,calm
2004-04-30,1.0,0.0016034206306787,4.35,-0.0169333147130639,17.190000534057617,0,calm
2004-05-31,1.0,0.0042689434364993,4.72,0.0120110280360958,15.5,0,calm
2004-06-30,1.03,0.0037194473963868,4.73,0.0178291113621115,14.34000015258789,0,calm
2004-07-31,1.26,0.0010587612493382,4.5,-0.0348922348471668,15.31999969482422,0,calm
2004-08-31,1.43,0.0005288207297726,4.28,0.0022847383199045,15.289999961853027,0,calm
2004-09-30,1.61,0.003171247357294,4.13,0.0093203062182699,13.34000015258789,0,calm
2004-10-31,1.76,0.0052687038988408,4.1,0.0139169521028178,16.270000457763672,0,calm
2004-11-30,1.93,0.0047169811320753,4.19,0.0378687769068283,13.239999771118164,0,calm
2004-12-31,2.16,0.0,4.23,0.0319425732114828,13.289999961853027,0,calm
2005-01-31,2.28,-0.0005216484089722,4.22,-0.0256157676953058,12.81999969482422,0,calm
2005-02-28,2.5,0.0041753653444676,4.17,0.0187268980560266,12.079999923706056,0,calm
2005-03-31,2.63,0.0036382536382535,4.5,-0.0193027609216905,14.020000457763672,0,calm
2005-04-30,2.79,0.0031071983428274,4.34,-0.0203135115002225,15.3100004196167,0,calm
2005-05-31,3.0,-0.0005162622612286,4.14,0.0295122444890195,13.289999961853027,0,calm
2005-06-30,3.04,0.0005165289256197,4.0,-0.0001427243645053,12.039999961853027,0,calm
2005-07-31,3.26,0.0061951471347445,4.18,0.0353365322718687,11.56999969482422,0,calm
2005-08-31,3.5,0.0061570035915854,4.26,-0.0112855475028992,12.600000381469728,0,calm
2005-09-30,3.62,0.0137684854665987,4.2,0.0069249911211933,11.920000076293944,0,calm
2005-10-31,3.78,0.0015090543259557,4.46,-0.0179000339063433,15.31999969482422,0,calm
2005-11-30,4.0,-0.0050226017076845,4.54,0.0345812139547286,12.0600004196167,0,calm
2005-12-31,4.16,0.0,4.47,-0.0009528030899304,12.06999969482422,0,calm
2006-01-31,4.29,0.0060575466935892,4.42,0.0251478956075799,12.949999809265137,0,calm
2006-02-28,4.49,0.0005017561465128,4.57,0.0004530550834012,12.34000015258789,0,calm
2006-03-31,4.59,0.0015045135406217,4.72,0.0110347035094499,11.390000343322754,0,calm
2006-04-30,4.79,0.0050075112669003,4.99,0.0120823662692256,11.59000015258789,0,calm
2006-05-31,4.94,0.0029895366218237,5.11,-0.0314049293203158,16.440000534057617,0,calm
2006-06-30,4.99,0.0024838549428713,5.11,8.659275533511337e-05,13.079999923706056,0,calm
2006-07-31,5.24,0.0054509415262635,5.09,0.0050729894059884,14.949999809265137,0,calm
2006-08-31,5.25,0.0044356826022671,4.88,0.021051056620195,12.3100004196167,0,calm
2006-09-30,5.25,-0.0049067713444553,4.72,0.0242693991143096,11.979999542236328,0,calm
2006-10-31,5.25,-0.0044378698224852,4.73,0.0310218126705608,11.100000381469728,0,calm
2006-11-30,5.25,0.0004952947003467,4.6,0.01633255113123,10.90999984741211,0,calm
2006-12-31,5.24,0.0054455445544554,4.56,0.0125368668579112,11.5600004196167,0,calm
2007-01-31,5.25,0.0016592811422946,4.76,0.0139611313073257,10.420000076293944,0,calm
2007-02-28,5.26,0.0038783505458692,4.72,-0.0220883370533768,15.420000076293944,0,calm
2007-03-31,5.26,0.0052001214340975,4.56,0.0099305117846988,14.640000343322754,0,calm
2007-04-30,5.25,0.0030006624839249,4.69,0.0423798432532396,14.220000267028809,0,calm
2007-05-31,5.25,0.004132994016629,4.75,0.0320307238518961,13.050000190734863,0,calm
2007-06-30,5.25,0.0023167517109623,5.1,-0.017976943869676,16.229999542236328,0,calm
2007-07-31,5.26,0.0017805958481715,5.0,-0.0325044711803648,23.520000457763672,1,stressed
2007-08-31,5.02,0.000308280708853,4.67,0.0127815390189305,23.3799991607666,1,stressed
2007-09-30,4.94,0.004237553390765,4.52,0.0351682902627903,18.0,0,calm
2007-10-31,4.76,0.0030832378312801,4.53,0.0147135609401705,18.530000686645508,0,calm
2007-11-30,4.49,0.0078588842678903,4.15,-0.0450427826309034,22.8700008392334,1,stressed
2007-12-31,4.24,0.0028980145517325,4.1,-0.0086659496708298,22.5,1,stressed
2008-01-31,3.94,0.0034477050769703,3.74,-0.0631138642063085,26.200000762939453,1,stressed
2008-02-29,2.98,0.0024178268779397,3.74,-0.035379739592448,26.540000915527344,1,stressed
2008-03-31,2.61,0.0035780278061188,3.51,-0.0059774528264186,25.61000061035156,1,stressed
2008-04-30,2.28,0.0023143810202015,3.68,0.0464509519075854,20.790000915527344,1,stressed
2008-05-31,1.98,0.0059174916566171,3.88,0.0106176148073936,17.829999923706055,0,calm
2008-06-30,2.0,0.0104782350098509,4.1,-0.0898835539178221,23.950000762939453,1,stressed
2008-07-31,2.01,0.007141444751521,4.01,-0.009908296633774,22.940000534057617,1,stressed
2008-08-31,2.0,-0.0014884757278006,3.89,0.0121167593514939,20.649999618530273,1,stressed
2008-09-30,1.81,0.00085509168229,3.69,-0.0951807650769433,39.38999938964844,2,crisis
2008-10-31,0.97,-0.0085984365648286,3.81,-0.1856364738868827,59.88999938964844,2,crisis
2008-11-30,0.39,-0.0177054770847254,3.53,-0.0777983573133054,55.279998779296875,2,crisis
2008-12-31,0.16,-0.0082335223994032,2.42,0.0077911466734982,40.0,2,crisis
2009-01-31,0.15,0.0025307713412614,2.52,-0.0895498795988168,44.84000015258789,2,crisis
2009-02-28,0.22,0.0036426606521873,2.87,-0.11645651319919,46.349998474121094,2,crisis
2009-03-31,0.18,-0.0009872828565384,2.82,0.0819526935612557,44.13999938964844,2,crisis
2009-04-30,0.15,0.0010070825195886,2.93,0.0897722182435997,36.5,2,crisis
2009-05-31,0.18,0.0014714939189219,3.29,0.051720577155174,28.920000076293945,1,stressed
2009-06-30,0.21,0.0082996122466223,3.72,0.0001958080939536,26.350000381469727,1,stressed
2009-07-31,0.16,-0.0002979654546301,3.56,0.0715219493430142,25.920000076293945,1,stressed
2009-08-31,0.16,0.0033484533777929,3.59,0.0330093363428553,26.010000228881836,1,stressed
2009-09-30,0.15,0.0019308872334005,3.4,0.0351000673677463,25.61000061035156,1,stressed
2009-10-31,0.12,0.0030019317987037,3.39,-0.0199598801971195,30.690000534057617,2,crisis
2009-11-30,0.12,0.0033485905897676,3.4,0.0557790765867372,24.510000228881836,1,stressed
2009-12-31,0.12,0.0005201763996427,3.59,0.0176145203503,21.68000030517578,1,stressed
2010-01-31,0.11,0.0006487322116246,3.73,-0.0376751237121947,24.6200008392334,1,stressed
2010-02-28,0.13,-0.0009517766497462,3.69,0.0281147397418404,19.5,0,calm
2010-03-31,0.16,0.0003313681361922,3.73,0.0571328154163926,17.59000015258789,0,calm
2010-04-30,0.2,0.0002300405331419,3.85,0.0146513730069184,22.049999237060547,1,stressed
2010-05-31,0.2,-0.0005197720362644,3.42,-0.0855315728834906,32.06999969482422,2,crisis
2010-06-30,0.18,-0.0004187951585438,3.2,-0.0553884494055037,34.540000915527344,2,crisis
2010-07-31,0.18,0.0018692535416828,3.01,0.066515799010857,23.5,1,stressed
2010-08-31,0.19,0.0014613634796996,2.7,-0.0486118228874188,26.049999237060547,1,stressed
2010-09-30,0.19,0.0016152494229613,2.65,0.083928474188034,23.700000762939453,1,stressed
2010-10-31,0.19,0.0034818462948116,2.54,0.0361930517504907,21.200000762939453,1,stressed
2010-11-30,0.19,0.0025338416234848,2.76,-0.0022928763797244,23.540000915527344,1,stressed
2010-12-31,0.18,0.0040165763468282,3.29,0.063256487508998,17.75,0,calm
2011-01-31,0.17,0.0032430422003701,3.39,0.0223929698124121,19.530000686645508,0,calm
2011-02-28,0.16,0.0032144746300641,3.58,0.0314565767628246,18.350000381469727,0,calm
2011-03-31,0.14,0.0051735482068338,3.41,-0.0010478617545838,17.739999771118164,0,calm
2011-04-30,0.1,0.0046940989750992,3.46,0.0280969387702452,14.75,0,calm
2011-05-31,0.09,0.0031817147345076,3.17,-0.013592919455284,15.449999809265137,0,calm
2011-06-30,0.09,0.0,3.0,-0.0184261859119325,16.520000457763672,0,calm
2011-07-31,0.07,0.002620036831757,3.0,-0.0217083558566638,25.25,1,stressed
2011-08-31,0.1,0.0031544621664187,2.3,-0.0584675022719568,31.6200008392334,2,crisis
2011-09-30,0.08,0.0021715478580843,1.98,-0.0744671007197857,42.959999084472656,2,crisis
2011-10-31,0.07,0.0006752075270193,2.15,0.1023065917693886,29.959999084472656,1,stressed
2011-11-30,0.08,0.0018478500551268,2.01,-0.0050715537225125,27.799999237060547,1,stressed
2011-12-31,0.07,0.0002377084901548,1.98,0.0084965654071145,23.399999618530273,1,stressed
2012-01-31,0.08,0.0027241960540966,1.97,0.0426600444678073,19.440000534057617,0,calm
2012-02-29,0.1,0.0021374461249461,1.97,0.0397873446720445,18.43000030517578,0,calm
2012-03-31,0.13,0.0020934703870292,2.17,0.0308514756329961,15.5,0,calm
2012-04-30,0.14,0.0016607883500068,2.05,-0.0075256995449887,17.149999618530273,0,calm
2012-05-31,0.16,-0.002068180132381,1.8,-0.0646993081586247,24.059999465942383,1,stressed
2012-06-30,0.16,-0.0008263631713106,1.62,0.0387927198736999,17.079999923706055,0,calm
2012-07-31,0.16,0.00028880992806,1.53,0.0125188849402827,18.93000030517578,0,calm
2012-08-31,0.13,0.0058095279758518,1.68,0.019570609701871,17.469999313354492,0,calm
2012-09-30,0.14,0.0047712662775423,1.72,0.0239471187962545,15.729999542236328,0,calm
2012-10-31,0.16,0.0026967945804385,1.75,-0.0199878423580502,18.600000381469727,0,calm
2012-11-30,0.16,-0.0016793444944266,1.65,0.0028426724604567,15.869999885559082,0,calm
2012-12-31,0.16,-0.0001210816046771,1.72,0.0070433681007134,18.020000457763672,0,calm
2013-01-31,0.14,0.0019807889421807,1.91,0.0491977919987461,14.279999732971191,0,calm
2013-02-28,0.15,0.0054299267521009,1.98,0.0109999271263544,15.510000228881836,0,calm
2013-03-31,0.14,-0.0028119191025899,1.96,0.0353552943297048,12.699999809265137,0,calm
2013-04-30,0.15,-0.0020879792665812,1.76,0.0179241658366525,13.520000457763672,0,calm
2013-05-31,0.11,0.0004141554895016,1.93,0.0205502023835115,16.299999237060547,0,calm
2013-06-30,0.09,0.0023804082055085,2.3,-0.01511292877028,16.860000610351562,0,calm
2013-07-31,0.09,0.0019574523005443,2.58,0.048277728051788,13.449999809265137,0,calm
2013-08-31,0.08,0.0023872906826962,2.74,-0.0317982680379454,17.010000228881836,0,calm
2013-09-30,0.08,0.0003769446919335,2.81,0.0293155913664249,16.600000381469727,0,calm
2013-10-31,0.09,0.0005352310485391,2.62,0.0436299711128339,13.75,0,calm
2013-11-30,0.08,0.0018444894273523,2.72,0.0276632897732354,13.699999809265137,0,calm
2013-12-31,0.09,0.0026441691584793,2.9,0.0232894744820535,13.720000267028809,0,calm
2014-01-31,0.07,0.0024241752904536,2.86,-0.0362314077760193,18.40999984741211,0,calm
2014-02-28,0.07,0.0011007786202441,2.71,0.0422133750722756,14.0,0,calm
2014-03-31,0.08,0.0020420553010651,2.72,0.0069082484269442,13.880000114440918,0,calm
2014-04-30,0.09,0.0018641856050976,2.71,0.0061816433655846,13.40999984741211,0,calm
2014-05-31,0.09,0.0019030059035471,2.56,0.0208121960133582,11.399999618530272,0,calm
2014-06-30,0.1,0.0013211322060797,2.6,0.0188789967135605,11.56999969482422,0,calm
2014-07-31,0.09,0.0011254852864928,2.54,-0.0151946876379915,16.950000762939453,0,calm
2014-08-31,0.09,-0.0001600013473797,2.42,0.0369636444079892,12.09000015258789,0,calm
2014-09-30,0.09,7.159100480080838e-05,2.53,-0.0156354361052898,16.309999465942383,0,calm
2014-10-31,0.09,-0.0001979139032411,2.3,0.0229363988295643,14.029999732971191,0,calm
2014-11-30,0.09,-0.0018826601524659,2.33,0.0242374735633067,13.329999923706056,0,calm
2014-12-31,0.12,-0.0030846094445592,2.21,-0.004197384221126,19.200000762939453,0,calm
2015-01-31,0.11,-0.0063703164417655,1.88,-0.0315327792664254,20.969999313354492,1,stressed
2015-02-28,0.11,0.0025346436802173,1.98,0.0534388763256272,13.34000015258789,0,calm
2015-03-31,0.11,0.0026939517808124,2.04,-0.0175491974339631,15.289999961853027,0,calm
2015-04-30,0.12,0.0010424788961589,1.94,0.0084847225446355,14.550000190734863,0,calm
2015-05-31,0.12,0.0032977453412468,2.2,0.0104367296753368,13.84000015258789,0,calm
2015-06-30,0.13,0.0027679208104607,2.36,-0.0212355588717586,18.229999542236328,0,calm
2015-07-31,0.13,0.0015863197801873,2.32,0.0195496829900196,12.119999885559082,0,calm
2015-08-31,0.14,-4.20108051790713e-06,2.17,-0.0646247309931239,28.43000030517578,1,stressed
2015-09-30,0.14,-0.0022475875193775,2.17,-0.0267987309634628,24.5,1,stressed
2015-10-31,0.12,0.0009894820166906,2.07,0.0797193795433987,15.06999969482422,0,calm
2015-11-30,0.12,0.0011946174910508,2.26,0.0005047417068051,16.1299991607666,0,calm
2015-12-31,0.24,-0.001075553426856,2.24,-0.0176856583902572,18.209999084472656,0,calm
2016-01-31,0.34,-0.0004584435630738,2.09,-0.0520676173054967,20.200000762939453,1,stressed
2016-02-29,0.38,-0.0013296753235823,1.78,-0.0041369055149924,20.549999237060547,1,stressed
2016-03-31,0.36,0.0031347962382444,1.89,0.0639049902868289,13.949999809265137,0,calm
2016-04-30,0.37,0.0038306451612901,1.81,0.0026957614511553,15.699999809265137,0,calm
2016-05-31,0.37,0.0023640958693178,1.81,0.0152083668105238,14.1899995803833,0,calm
2016-06-30,0.38,0.0027759572878272,1.64,0.0009105066031534,15.630000114440918,0,calm
2016-07-31,0.39,-0.0005037007434789,1.5,0.034990432691054,11.869999885559082,0,calm
2016-08-31,0.4,0.0018492217858316,1.56,-0.0012199867803522,13.420000076293944,0,calm
2016-09-30,0.4,0.0026232097944252,1.63,-0.0012352137017536,13.289999961853027,0,calm
2016-10-31,0.4,0.0023426874979268,1.76,-0.0196168370434727,17.059999465942383,0,calm
2016-11-30,0.41,0.0011789477167711,2.14,0.0336035450444343,13.329999923706056,0,calm
2016-12-31,0.54,0.0025245221587761,2.49,0.018037111299279,14.039999961853027,0,calm
2017-01-31,0.65,0.0040430766948156,2.43,0.0177263146210628,11.989999771118164,0,calm
2017-02-28,0.66,0.0015926573570097,2.42,0.0365230007382769,12.920000076293944,0,calm
2017-03-31,0.79,-0.0004672016261895,2.48,-0.0003892728921313,12.369999885559082,0,calm
2017-04-30,0.9,0.0012341528217407,2.3,0.0090501324781982,10.81999969482422,0,calm
2017-05-31,0.91,-0.0007739779600562,2.3,0.0115097591109806,10.40999984741211,0,calm
2017-06-30,1.04,0.0006516286618252,2.19,0.0048022260405038,11.18000030517578,0,calm
2017-07-31,1.15,0.0003276499715354,2.32,0.0191640175471008,10.260000228881836,0,calm
2017-08-31,1.16,0.0038486261632881,2.21,0.0005462837796946,10.59000015258789,0,calm
2017-09-30,1.15,0.0051063899209977,2.2,0.0191190393523553,9.510000228881836,0,calm
2017-10-31,1.15,0.0007750522450138,2.36,0.0219455600318416,10.18000030517578,0,calm
2017-11-30,1.16,0.0026680074282516,2.35,0.0276955410466344,11.279999732971191,0,calm
2017-12-31,1.3,0.0021068892447551,2.4,0.0097836145748712,11.039999961853027,0,calm
2018-01-31,1.41,0.0042533443635115,2.58,0.0546573983583285,13.539999961853027,0,calm
2018-02-28,1.42,0.002692287600609,2.86,-0.0397261075980839,19.850000381469727,0,calm
2018-03-31,1.51,0.000192362410782,2.84,-0.0272524973669399,19.969999313354492,0,calm
2018-04-30,1.69,0.0026044066560619,2.87,0.0027150858118244,15.93000030517578,0,calm
2018-05-31,1.7,0.0022579497815982,2.98,0.0213781911830661,15.43000030517578,0,calm
2018-06-30,1.82,0.0009011451720948,2.91,0.0048307493865702,16.09000015258789,0,calm
2018-07-31,1.91,0.0007808204989283,2.89,0.0353879507375242,12.829999923706056,0,calm
2018-08-31,1.91,0.0017873207703393,2.89,0.0298143145243824,12.859999656677246,0,calm
2018-09-30,1.95,0.0020622817021174,3.0,0.0042850932863336,12.119999885559082,0,calm
2018-10-31,2.19,0.0023395801444987,3.15,-0.0719293459542968,21.229999542236328,1,stressed
2018-11-30,2.2,-0.0007041919199911,3.12,0.0177017520561175,18.06999969482422,0,calm
2018-12-31,2.27,0.0006848935445813,2.83,-0.096265219857899,25.420000076293945,1,stressed
2019-01-31,2.4,-0.0008149798035343,2.71,0.0757421519867559,16.56999969482422,0,calm
2019-02-28,2.4,0.0030012551423219,2.68,0.0292955533654023,14.779999732971191,0,calm
2019-03-31,2.41,0.0037817929172307,2.57,0.0177655108902287,13.710000038146973,0,calm
2019-04-30,2.42,0.0037596794047436,2.53,0.0385603974175708,13.119999885559082,0,calm
2019-05-31,2.39,0.0002468332856644,2.4,-0.0680408940828739,18.709999084472656,0,calm
2019-06-30,2.38,-0.000325112810228,2.07,0.0666583015630261,15.079999923706056,0,calm
2019-07-31,2.4,0.0023078761661827,2.06,0.0130427248337052,16.1200008392334,0,calm
2019-08-31,2.13,0.0009147700174354,1.63,-0.0182572817432622,18.979999542236328,0,calm
2019-09-30,2.04,0.0015388460997671,1.7,0.0170352505910719,16.239999771118164,0,calm
2019-10-31,1.83,0.0028272822992627,1.71,0.0202258421533174,13.220000267028809,0,calm
2019-11-30,1.55,0.0028154226050438,1.81,0.0334802660713781,12.619999885559082,0,calm
2019-12-31,1.55,0.0029122185210892,1.86,0.0281887562985421,13.779999732971191,0,calm
2020-01-31,1.55,0.0019216641534238,1.76,-0.0016294196024425,18.84000015258789,0,calm
2020-02-29,1.58,0.0004746707213065,1.5,-0.0878595369083877,40.11000061035156,2,crisis
2020-03-31,0.65,-0.0045284474445514,0.87,-0.1336677246703745,53.540000915527344,2,crisis
2020-04-30,0.05,-0.007920147553434,0.66,0.1194208387601767,34.150001525878906,2,crisis
2020-05-31,0.05,-0.0008983252093487,0.67,0.0442865329490969,27.510000228881836,1,stressed
2020-06-30,0.08,0.0048474992376916,0.73,0.0182213743567191,30.43000030517578,2,crisis
2020-07-31,0.09,0.0050964433827935,0.62,0.0536368016345058,24.459999084472656,1,stressed
2020-08-31,0.1,0.0037313432835821,0.65,0.0677190830043573,26.40999984741211,1,stressed
2020-09-30,0.09,0.0026261395363187,0.68,-0.040018119983178,26.3700008392334,1,stressed
2020-10-31,0.09,0.0012384758285672,0.79,-0.0280556922855541,38.02000045776367,2,crisis
2020-11-30,0.09,0.0022741328907993,0.87,0.1021464279066001,20.56999969482422,1,stressed
2020-12-31,0.09,0.0043463096611489,0.93,0.0364490478405915,22.75,1,stressed
2021-01-31,0.09,0.0024499608845809,1.08,-0.0111991376508885,33.09000015258789,2,crisis
2021-02-28,0.08,0.0033956762230333,1.26,0.0257568766725366,27.950000762939453,1,stressed
2021-03-31,0.07,0.0052432098156529,1.61,0.0415628072825466,19.399999618530273,0,calm
2021-04-30,0.07,0.0062386539905872,1.64,0.0510973304680564,18.61000061035156,0,calm
2021-05-31,0.06,0.0066350604244338,1.62,0.0054714927167232,16.760000228881836,0,calm
2021-06-30,0.08,0.0084617878181554,1.52,0.0219708725661224,15.829999923706056,0,calm
2021-07-31,0.1,0.0046147479808169,1.32,0.0224931759222513,18.239999771118164,0,calm
2021-08-31,0.09,0.0028429256021447,1.28,0.0285781431597925,16.479999542236328,0,calm
2021-09-30,0.08,0.00452551746395,1.37,-0.0487377927828331,23.13999938964844,1,stressed
2021-10-31,0.08,0.009638202329232,1.58,0.0668581752839893,16.260000228881836,0,calm
2021-11-30,0.08,0.008566262881938,1.56,-0.0083686256552052,27.190000534057617,1,stressed
2021-12-31,0.08,0.0069052305508052,1.47,0.0426886481613966,17.219999313354492,0,calm
2022-01-31,0.08,0.0060460396304009,1.76,-0.0540182299992834,24.829999923706055,1,stressed
2022-02-28,0.08,0.0069263793475682,1.93,-0.0318627610217114,30.149999618530273,2,crisis
2022-03-31,0.2,0.0111564147627416,2.13,0.0351482862715227,20.559999465942383,1,stressed
2022-04-30,0.33,0.003083351293478,2.75,-0.0920678249074223,33.400001525878906,2,crisis
2022-05-31,0.77,0.0094849962399632,2.9,5.3176290760624664e-05,26.190000534057617,1,stressed
2022-06-30,1.21,0.0125610199864056,3.14,-0.0876515818048179,28.709999084472656,1,stressed
2022-07-31,1.68,-0.0001491742864213,2.9,0.0872013846897158,21.329999923706055,1,stressed
2022-08-31,2.33,0.0006239128149656,2.9,-0.0433670306634054,25.8700008392334,1,stressed
2022-09-30,2.56,0.0042426727482827,3.52,-0.0980491666209925,31.6200008392334,2,crisis
2022-10-31,3.08,0.0055947548329842,3.98,0.0768345644688556,25.8799991607666,1,stressed
2022-11-30,3.78,0.0026140325562822,3.89,0.052357976097649,20.579999923706055,1,stressed
2022-12-31,4.1,0.0001539563433359,3.62,-0.0607818253766681,21.670000076293945,1,stressed
2023-01-31,4.33,0.005314022594635,3.53,0.0599211818343496,19.399999618530273,0,calm
2023-02-28,4.57,0.0034285333865919,3.75,-0.0264594788597931,20.700000762939453,1,stressed
2023-03-31,4.65,0.001230718195389,3.66,0.0344512926982635,18.700000762939453,0,calm
2023-04-30,4.83,0.003392739405144,3.46,0.0145361776495622,15.779999732971191,0,calm
2023-05-31,5.06,0.0016146873813336,3.57,0.0024792714332724,17.940000534057617,0,calm
2023-06-30,5.08,0.002241753314828,3.75,0.0627188649146417,13.59000015258789,0,calm
2023-07-31,5.12,0.0019571467103487,3.9,0.0306639509077039,13.630000114440918,0,calm
2023-08-31,5.33,0.0048357074150797,4.17,-0.0178752038429938,13.56999969482422,0,calm
2023-09-30,5.33,0.0039009154409603,4.38,-0.049946167923282,17.520000457763672,0,calm
2023-10-31,5.33,0.0013668493471667,4.8,-0.0222248410014033,18.13999938964844,0,calm
2023-11-30,5.33,0.0014689823722116,4.5,0.0854244482007529,12.920000076293944,0,calm
2023-12-31,5.33,0.0019243999636537,4.02,0.0432790354316083,12.449999809265137,0,calm
2024-01-31,5.33,0.0030996854969052,4.06,0.0157706938864257,14.350000381469728,0,calm
2024-02-29,5.33,0.0040975401843086,4.21,0.0504275283127719,13.399999618530272,0,calm
2024-03-31,5.33,0.0044313383735252,4.21,0.030547420111743,13.010000228881836,0,calm
2024-04-30,5.33,0.002170676655621,4.54,-0.0425057776814785,15.649999618530272,0,calm
2024-05-31,5.33,0.0004855873210594,4.48,0.0469038053043596,12.920000076293944,0,calm
2024-06-30,5.33,-0.0004182964796041,4.31,0.0340823432388822,12.4399995803833,0,calm
2024-07-31,5.33,0.0016770805381991,4.25,0.0112577104024098,16.360000610351562,0,calm
2024-08-31,5.33,0.0015722217438585,3.87,0.0225778971175147,15.0,0,calm
2024-09-30,5.13,0.0021333367296902,3.72,0.0199956322877545,16.729999542236328,0,calm
2024-10-31,4.83,0.0028563984596416,4.1,-0.0099460415985501,23.15999984741211,1,stressed
2024-11-30,4.64,0.0028419261732848,4.36,0.0557197140294972,13.510000228881836,0,calm
2024-12-31,4.48,0.0033993833089014,4.39,-0.0253076921877456,17.350000381469727,0,calm
